Renae,Bergen,Renae,(210)122-9043,password, 222 Park Place,Austin,Texas
Jacob,Santos,3422344,(574)222-8923,456354,2345 Broadway,Austin,Texas
Emma,Ara,4345345,(313)656-9987,789056,5654 Jameston St.,San Antonio,Texas
Tiffany,Smith,3453453,(313)654-1876,234567,4543 Pacific Ave.,San Antonio,Texas
Laura,Trevino,3453463,(512)675-0045,567345,4443 Getty Dr.,Austin,Texas
Rachel,Stone,3445344,(574)888-4534,567908,4453 Woodway,San Antonio,Texas
Olivia,Ozarka,3445445,(574)223-9990,156789,3454 UTSA Blvd.,Austin,Texas
Emerald,Lee,3453455,(210)778-6654,234123,555 Apple Dr.,San Antonio,Texas
Marisol,Johnson,3534554,(512)322-3432,445689,2343 Flood St.    ,San Antonio,Texas
Jane,Doe,3453445,(313)766-0900,231267,2333 Great Ave.,Austin,Texas
James,Olivander,3454435,(574)321-8888,694522,467 Read Rd.,Houston,Texas
Paul,Jones,3453454,(313)540-6766,987654,888 Pure Blvd.,San Antonio,Texas
Mike,Gomez,3454355,(313)445-3333,675432,9877 Water Way   ,Houston,Texas
Matt,King,4354534,(512)876-3344,678752,7787 44th St. ,San Antonio,Texas
Clark,Adams,4342234,(210)777-9087,987453,3343 Wire Dr.,Houston,Texas
Larry,Clark,4324244,(210)565-3454,453874,2223 Stone St.,San Antonio,Texas
John,Smith,4234234,(210)723-3311,448776,2222 Stone St.,Burke,Virgina
Tom,Jerry,Test,(210)887-0988,password,123 Street,Austin,Texas
Renae,Bergen,3454345,(210)122-9043,456876, 222 Park Place,San Antonio,Texas
Jacob,Santos,3422344,(574)222-8923,456354,2345 Broadway,Austin,Texas
Emma,Ara,4345345,(313)656-9987,789056,5654 Jameston St.,San Antonio,Texas
Tiffany,Smith,3453453,(313)654-1876,234567,4543 Pacific Ave.,San Antonio,Texas
Laura,Trevino,3453463,(512)675-0045,567345,4443 Getty Dr.,Austin,Texas
Rachel,Stone,3445344,(574)888-4534,567908,4453 Woodway,San Antonio,Texas
Olivia,Ozarka,3445445,(574)223-9990,156789,3454 UTSA Blvd.,Austin,Texas
Emerald,Lee,3453455,(210)778-6654,234123,555 Apple Dr.,San Antonio,Texas
Marisol,Johnson,3534554,(512)322-3432,445689,2343 Flood St.    ,San Antonio,Texas
Jane,Doe,3453445,(313)766-0900,231267,2333 Great Ave.,Austin,Texas
James,Olivander,3454435,(574)321-8888,694522,467 Read Rd.,Houston,Texas
Paul,Jones,3453454,(313)540-6766,987654,888 Pure Blvd.,San Antonio,Texas
Mike,Gomez,3454355,(313)445-3333,675432,9877 Water Way   ,Houston,Texas
Matt,King,4354534,(512)876-3344,678752,7787 44th St. ,San Antonio,Texas
Clark,Adams,4342234,(210)777-9087,987453,3343 Wire Dr.,Houston,Texas
Larry,Clark,4324244,(210)565-3454,453874,2223 Stone St.,San Antonio,Texas
John,Smith,4234234,(210)723-3311,448776,2222 Stone St.,Burke,Virgina
Tom,Jerry,Test,(210)887-0988,password,123 Street,Austin,Texas
Ada,Lovelace,Ada123,(210)999-9987,password,1234 Sesame St.,Austin,Texas
Eman,Aran,Cpt Eman,(210)254-4565,password,1233 Alamo Rd.,San Antonio,Texas
Renae,Bergen,Renae,(210)122-9043,password, 222 Park Place,Austin,Texas
Jacob,Santos,3422344,(574)222-8923,456354,2345 Broadway,Austin,Texas
Emma,Ara,4345345,(313)656-9987,789056,5654 Jameston St.,San Antonio,Texas
Tiffany,Smith,3453453,(313)654-1876,234567,4543 Pacific Ave.,San Antonio,Texas
Laura,Trevino,3453463,(512)675-0045,567345,4443 Getty Dr.,Austin,Texas
Rachel,Stone,3445344,(574)888-4534,567908,4453 Woodway,San Antonio,Texas
Olivia,Ozarka,3445445,(574)223-9990,156789,3454 UTSA Blvd.,Austin,Texas
Emerald,Lee,3453455,(210)778-6654,234123,555 Apple Dr.,San Antonio,Texas
Marisol,Johnson,3534554,(512)322-3432,445689,2343 Flood St.    ,San Antonio,Texas
Jane,Doe,3453445,(313)766-0900,231267,2333 Great Ave.,Austin,Texas
James,Olivander,3454435,(574)321-8888,694522,467 Read Rd.,Houston,Texas
Paul,Jones,3453454,(313)540-6766,987654,888 Pure Blvd.,San Antonio,Texas
Mike,Gomez,3454355,(313)445-3333,675432,9877 Water Way   ,Houston,Texas
Matt,King,4354534,(512)876-3344,678752,7787 44th St. ,San Antonio,Texas
Clark,Adams,4342234,(210)777-9087,987453,3343 Wire Dr.,Houston,Texas
Larry,Clark,4324244,(210)565-3454,453874,2223 Stone St.,San Antonio,Texas
John,Smith,4234234,(210)723-3311,448776,2222 Stone St.,Burke,Virgina
Tom,Jerry,Test,(210)887-0988,password,123 Street,Austin,Texas
Renae,Bergen,3454345,(210)122-9043,456876, 222 Park Place,San Antonio,Texas
Jacob,Santos,3422344,(574)222-8923,456354,2345 Broadway,Austin,Texas
Emma,Ara,4345345,(313)656-9987,789056,5654 Jameston St.,San Antonio,Texas
Tiffany,Smith,3453453,(313)654-1876,234567,4543 Pacific Ave.,San Antonio,Texas
Laura,Trevino,3453463,(512)675-0045,567345,4443 Getty Dr.,Austin,Texas
Rachel,Stone,3445344,(574)888-4534,567908,4453 Woodway,San Antonio,Texas
Olivia,Ozarka,3445445,(574)223-9990,156789,3454 UTSA Blvd.,Austin,Texas
Emerald,Lee,3453455,(210)778-6654,234123,555 Apple Dr.,San Antonio,Texas
Marisol,Johnson,3534554,(512)322-3432,445689,2343 Flood St.    ,San Antonio,Texas
Jane,Doe,3453445,(313)766-0900,231267,2333 Great Ave.,Austin,Texas
James,Olivander,3454435,(574)321-8888,694522,467 Read Rd.,Houston,Texas
Paul,Jones,3453454,(313)540-6766,987654,888 Pure Blvd.,San Antonio,Texas
Mike,Gomez,3454355,(313)445-3333,675432,9877 Water Way   ,Houston,Texas
Matt,King,4354534,(512)876-3344,678752,7787 44th St. ,San Antonio,Texas
Clark,Adams,4342234,(210)777-9087,987453,3343 Wire Dr.,Houston,Texas
Larry,Clark,4324244,(210)565-3454,453874,2223 Stone St.,San Antonio,Texas
John,Smith,4234234,(210)723-3311,448776,2222 Stone St.,Burke,Virgina
Tom,Jerry,Test,(210)887-0988,password,123 Street,Austin,Texas
Ada,Lovelace,Ada123,(210)999-9987,password,1234 Sesame St.,Austin,Texas
Eman,Aran,Cpt Eman,(210)123-7654,password,1233 Alamo Rd.,San Antonio,Texas
